{"cameraMode":{"drawMode":0,"name":"Shaded","section":"Shading Mode"},"sceneLighting":true,"audioPlay":false,"sceneViewState":{"m_AlwaysRefresh":false,"showFog":true,"showSkybox":true,"showFlares":true,"showImageEffects":true,"showParticleSystems":true,"showVisualEffectGraphs":true,"m_FxEnabled":true},"in2DMode":false,"pivot":{"x":9.878690719604493,"y":-4.332157135009766,"z":5.4044342041015629},"rotation":{"x":-0.16596591472625733,"y":-0.02899167872965336,"z":0.004880742635577917,"w":-0.9856962561607361},"size":9.177410125732422,"orthographic":false}